{
	"theme": "Default",
	"content": {
		"r": 0.1647058823529412,
		"g": 0.1647058823529412,
		"b": 0.1647058823529412,
		"a": 1.0
	},
	"clickable": {
		"r": 1.0,
		"g": 1.0,
		"b": 1.0,
		"a": 1.0
	},
	"back": {
		"r": 0.800000011920929,
		"g": 0.800000011920929,
		"b": 0.800000011920929,
		"a": 1.0
	},
	"bad": {
		"r": 0.9607843160629273,
		"g": 0.2823529541492462,
		"b": 0.2823529541492462,
		"a": 1.0
	},
	"good": {
		"r": 0.729411780834198,
		"g": 0.9607843160629273,
		"b": 0.2823529541492462,
		"a": 1.0
	},
	"highlight": {
		"r": 0.2823529541492462,
		"g": 0.729411780834198,
		"b": 0.9607843160629273,
		"a": 1.0
	}
}
