{
	"theme": "Nyako",
	"content": {
		"r": 0.1333333333333333,
		"g": 0.1333333333333333,
		"b": 0.1333333333333333,
		"a": 1.0
	},
	"clickable": {
		"r": 1.0,
		"g": 0.6117647058823529,
		"b": 0.0,
		"a": 1.0
	},
	"back": {
		"r": 1.0,
		"g": 0.9607843137254902,
		"b": 0.9607843137254902,
		"a": 1.0
	},
	"bad": {
		"r": 1.0,
		"g": 0.1823529541492462,
		"b": 0.1823529541492462,
		"a": 1.0
	},
	"good": {
		"r": 0.4431372549019608,
		"g": 0.7223529541492462,
		"b": 0.1058823529411765,
		"a": 1.0
	},
	"highlight": {
		"r": 0.0,
		"g": 1.0,
		"b": 1.0,
		"a": 1.0
	}
}
